﻿Designator,Footprint,Quantity,Value,LCSC Part #
"12V_TP1, A_IN_TP1, A_PRE_READY_TP1, A_PRE_SEN_TP1, A_REF_TP1, A_SIGHV1, HVGNG1, ISO_PWR_TP1, LVGND_TP1, M_IN_TP1, M_PRE_READY_TP1, M_PRE_SEN_TP1, M_REF_TP1, M_SEN_TP1, M_SIGHV1",TestPoint_HEX_3mmID,15,TestPoint,
"C1, C2, C3, C4",0805,4,1uF,
"C10, C15",0805,2,10uF,
"C11, C12, C16",0805,3,0.1uF,
"C13, C17",0805,2,0.01uF,
C14,0805,1,0.22uF,
"C18, C19, C20, C5, C6",0805,5,0.1u,
C7,0805,1,4.7u,
"C8, C9",0805,2,10u,
"CON1, CON2, CON3, FAULT1, FAULT2, FAULT3, FAULT4, HV1, LV1",0805,9,LED,
"D1, D2, D3, D4, D5, D6",D_SOD-123F,6,RSX068MP2STR,
"D10, D8, D9",SODFL4724X108N,3,D,
D7,BZT52B12QX,1,BZT52-B12-QX,
"F1, F2, F3, F4",Fuseholder_Blade_Mini_Keystone_3568,4,Fuse,
IC1,1769205241,1,1769205241,
"J1, J2",Molex_MicroFit3.0_1x3xP3.00mm_PolarizingPeg_Vertical,2,Conn_01x03,
J10,PinHeader_1x02_P2.54mm_Vertical,1,Conn_01x02,
J11,PinHeader_1x04_P2.54mm_Vertical,1,Conn_01x04,
J3,Molex_MicroFit3.0_1x2xP3.00mm_PolarizingPeg_Vertical,1,Conn_01x02,
"J4, J5, J6, J7",Molex_MicroFit3.0_1x4xP3.00mm_PolarizingPeg_Vertical,4,Conn_01x04,
J8,Molex_MicroFit3.0_1x4xP3.00mm_PolarizingPeg_Vertical,1,CAN_IN,
J9,Molex_MicroFit3.0_1x4xP3.00mm_PolarizingPeg_Vertical,1,CAN_OUT,
JP1,PinHeader_1x02_P2.54mm_Vertical,1,Termination Resistors,
"L1, L2",0805,2,1.8k,
Q1,SOT-23-3,1,Q_PMOS_GDS,
"Q2, Q3, Q4, Q5, Q6",SOT-23,5,IRLML0030,
"R1, R6",1206,2,590k,
"R10, R5",0805,2,200k,
"R11, R26, R27, R34, R35, R38",0805,6,1k,
"R12, R13",0805,2,380,
"R14, R16, R28, R30, R32",0805,5,30k,
"R15, R17, R20, R22, R24, R29, R3, R31, R33, R4, R8, R9",0805,12,10k,
R18,0805,1,49.9k,
"R19, R21, R23, R25",0805,4,2k,
"R2, R7",1206,2,500k,
R36,0805,1,0,
R37,0805,1,120,
U1,NucleoL432KC,1,Nucleo_L432KC,
"U2, U3",SOT-353_SC-70-5,2,TLV9301xDCK,
"U4, U5, U8",SOP-4_4.4x2.6mm_P1.27mm,3,TCMT1106,
U6,SOIC-20W_7.5x15.4mm_Pitch1.27mm,1,ADM3055E,
U7,SOT-23-3,1,CDSOT23-T24CAN,
